id,age,education_level,job,salary,car_ownership,car,pet_ownership,pet,housing,housing_type
1,44,Bachelor Degree,Records manager,15162,True,Jaguar,True,Cat,Landed Property,Private
2,51,Bachelor Degree,Financial risk analyst,11819,True,Jaguar,True,Dog,Bungalow,Private
3,49,Vocational,Horticultural consultant,8218,True,Kia,True,Bird,HDB,Public
4,61,Bachelor Degree,Multimedia specialist,12971,True,Lexus,True,Dog,Terrace House,Private
5,45,Diploma,"Chemist, analytical",23384,True,Audi,True,Fish,Terrace House,Private
6,50,Secondary,"Nurse, children's",7580,True,Nissan,False,,HDB,Public
7,23,Vocational,Herpetologist,7724,False,,True,Dog,HDB,Public
8,55,Bachelor Degree,Fast food restaurant manager,14751,True,Lamborghini,True,Dog,Terrace House,Private
9,30,Bachelor Degree,"Administrator, Civil Service",15391,True,Mercedes,True,Fish,Condominium,Private
10,61,Master Degree,Production manager,13782,True,Jaguar,True,Cat,Terrace House,Private
11,29,Diploma,Public librarian,14238,False,,True,Bird,Condominium,Private
12,24,Bachelor Degree,Furniture designer,18246,True,Maserati,False,,Condominium,Private
13,30,Master Degree,Water engineer,17202,True,Jaguar,False,,Bungalow,Private
14,32,Diploma,"Biochemist, clinical",19765,True,Audi,True,Dog,Landed Property,Private
15,59,Master Degree,Art therapist,12384,True,Lamborghini,True,Guinea Pig,Bungalow,Private
16,62,Diploma,"Administrator, arts",14171,True,Lamborghini,True,Cat,Bungalow,Private
17,46,PhD,Petroleum engineer,23361,True,Ferrari,False,,Condominium,Private
18,31,Diploma,Acupuncturist,10242,True,Lexus,True,Dog,Semi-Detached House,Private
19,54,Diploma,Health promotion specialist,16468,True,Audi,True,Fish,Landed Property,Private
20,41,Diploma,Ergonomist,15155,False,,False,,Landed Property,Private
21,65,Primary,Clothing/textile technologist,6918,False,,False,,HDB,Public
22,21,Bachelor Degree,Ambulance person,9536,False,,False,,HDB,Public
23,23,Diploma,"Civil engineer, consulting",9713,True,Kia,False,,Bungalow,Private
24,57,PhD,Photographer,9407,True,Kia,False,,Landed Property,Private
25,57,Bachelor Degree,Osteopath,19947,True,Jaguar,True,Guinea Pig,Terrace House,Private
26,62,PhD,"Accountant, chartered public finance",11635,False,,False,,Condominium,Private
27,20,Bachelor Degree,Forest/woodland manager,18315,True,Maserati,True,Dog,Terrace House,Private
28,22,Primary,Private music teacher,7569,False,,False,,HDB,Public
29,44,Bachelor Degree,Clinical research associate,14598,True,Lamborghini,True,Dog,Bungalow,Private
30,53,Vocational,Insurance account manager,9810,False,,False,,HDB,Public
31,25,Diploma,Theatre manager,9363,False,,False,,HDB,Public
32,45,PhD,"Surveyor, building control",16340,True,Audi,False,,Landed Property,Private
33,49,Master Degree,Patent attorney,18290,True,Audi,True,Dog,Condominium,Private
34,62,Vocational,"Nurse, mental health",4015,True,Toyota,False,,HDB,Public
35,22,Bachelor Degree,"Engineer, maintenance (IT)",15415,True,Ferrari,True,Fish,Bungalow,Private
36,37,Master Degree,Sports development officer,20263,True,Audi,False,,Landed Property,Private
37,53,Vocational,Prison officer,6213,False,,True,Rabbit,HDB,Public
38,36,Master Degree,Optometrist,15276,True,Audi,True,Bird,Semi-Detached House,Private
39,24,Diploma,"Loss adjuster, chartered",9473,False,,False,,HDB,Public
40,29,Diploma,Nutritional therapist,8329,False,,False,,HDB,Public
41,20,Bachelor Degree,Operational researcher,13267,True,Lexus,False,,Bungalow,Private
42,30,Primary,Associate Professor,6749,False,,False,,HDB,Public
43,63,PhD,"Surveyor, land/geomatics",19542,True,Audi,True,Fish,Semi-Detached House,Private
44,61,Vocational,Air traffic controller,8836,False,,True,Bird,HDB,Public
45,58,PhD,Research scientist (physical sciences),17421,True,BMW,True,Dog,Semi-Detached House,Private
46,29,Diploma,Dentist,17332,True,Lexus,True,Cat,Landed Property,Private
47,43,Bachelor Degree,Retail banker,16579,True,Maserati,True,Fish,Bungalow,Private
48,37,Primary,Copy,7686,True,Honda,False,,HDB,Public
49,40,Master Degree,"Sound technician, broadcasting/film/video",13318,True,Audi,True,Bird,Terrace House,Private
50,28,Diploma,Patent examiner,10339,False,,True,Cat,Condominium,Private
51,34,Vocational,Bookseller,20963,True,Jaguar,True,Cat,Landed Property,Private
52,49,Bachelor Degree,Child psychotherapist,22050,True,Honda,False,,Bungalow,Private
53,63,Bachelor Degree,Museum/gallery conservator,8776,False,,False,,HDB,Public
54,49,Vocational,Art therapist,16235,True,Mercedes,True,Cat,Condominium,Private
55,26,Diploma,Chiropractor,12919,True,Mercedes,True,Dog,Landed Property,Private
56,42,Bachelor Degree,"Designer, furniture",13114,False,,False,,Condominium,Private
57,37,Primary,"Teacher, early years/pre",5645,False,,False,,HDB,Public
58,22,Bachelor Degree,Oncologist,15955,True,Lexus,True,Cat,Bungalow,Private
59,65,Diploma,Site engineer,12266,False,,False,,Landed Property,Private
60,65,Master Degree,"Pilot, airline",16469,False,,False,,Terrace House,Private
61,21,Diploma,Sales executive,17571,True,Jaguar,False,,Condominium,Private
62,36,Bachelor Degree,Chief of Staff,22720,True,Lamborghini,True,Cat,Terrace House,Private
63,22,Diploma,Bookseller,10259,True,BMW,True,Fish,Semi-Detached House,Private
64,39,PhD,Charity fundraiser,21517,False,,False,,Bungalow,Private
65,57,Vocational,Network engineer,7695,False,,True,Cat,HDB,Public
66,27,Diploma,Television/film/video producer,14376,True,Jaguar,True,Cat,Semi-Detached House,Private
67,34,Master Degree,Gaffer,18772,True,Lamborghini,True,Cat,Condominium,Private
68,65,Bachelor Degree,Amenity horticulturist,13199,False,,False,,Bungalow,Private
69,60,Diploma,Radiation protection practitioner,12072,True,Mercedes,True,Cat,Semi-Detached House,Private
70,38,Secondary,"Teacher, special educational needs",7348,False,,False,,HDB,Public
71,62,Master Degree,"Surveyor, hydrographic",10868,True,Lexus,True,Fish,Bungalow,Private
72,27,Secondary,Housing manager/officer,6339,False,,False,,HDB,Public
73,65,Bachelor Degree,Politician's assistant,18109,True,BMW,True,Cat,Landed Property,Private
74,29,Primary,"Accountant, chartered certified",4733,False,,False,,HDB,Public
75,49,Master Degree,Police officer,22224,True,Mercedes,True,Fish,Terrace House,Private
76,43,Master Degree,Hydrogeologist,23606,True,Lamborghini,True,Dog,Semi-Detached House,Private
77,28,Bachelor Degree,Air cabin crew,10201,True,Toyota,False,,Landed Property,Private
78,46,Vocational,Advertising copywriter,24280,True,Audi,True,Fish,Landed Property,Private
79,22,Diploma,Print production planner,8043,False,,False,,HDB,Public
80,52,Vocational,IT sales professional,8221,False,,False,,HDB,Public
81,60,Diploma,"Psychologist, counselling",15860,False,,True,Dog,Condominium,Private
82,38,Vocational,Sports administrator,11527,False,,False,,Terrace House,Private
83,42,Master Degree,Building services engineer,14563,True,Lamborghini,True,Cat,Condominium,Private
84,23,Bachelor Degree,"Copywriter, advertising",9703,True,Kia,False,,HDB,Public
85,27,Primary,"Administrator, Civil Service",7701,False,,False,,HDB,Public
86,24,Diploma,Site engineer,19276,False,,False,,Landed Property,Private
87,50,Bachelor Degree,Manufacturing systems engineer,12167,False,,False,,Condominium,Private
88,59,Diploma,Community pharmacist,17012,True,Audi,True,Cat,Condominium,Private
89,23,Diploma,Passenger transport manager,19719,True,BMW,False,,Semi-Detached House,Private
90,51,Vocational,Chiropodist,16735,False,,True,Cat,Condominium,Private
91,48,Bachelor Degree,Energy manager,22761,True,Maserati,True,Bird,Semi-Detached House,Private
92,39,Diploma,"Therapist, art",22324,False,,False,,Landed Property,Private
93,45,PhD,Social researcher,10693,True,Maserati,True,Cat,Terrace House,Private
94,41,PhD,Geophysicist/field seismologist,11656,True,Jaguar,True,Fish,Semi-Detached House,Private
95,34,Bachelor Degree,"Engineer, energy",20579,True,Ferrari,True,Bird,Bungalow,Private
96,60,Vocational,"Producer, television/film/video",14268,True,Ferrari,True,Fish,Terrace House,Private
97,27,Bachelor Degree,"Copywriter, advertising",11059,True,Lamborghini,False,,Landed Property,Private
98,21,Diploma,Automotive engineer,14635,True,Lamborghini,True,Fish,Terrace House,Private
99,51,Master Degree,"Journalist, newspaper",20084,True,Lexus,True,Cat,Condominium,Private
100,46,Diploma,Commissioning editor,22429,True,Audi,True,Fish,Terrace House,Private
101,55,Diploma,Retail buyer,20049,False,,False,,Bungalow,Private
102,28,Diploma,Naval architect,18439,False,,False,,Condominium,Private
103,41,Bachelor Degree,Diagnostic radiographer,17024,False,,False,,Semi-Detached House,Private
104,47,Master Degree,Environmental manager,23677,False,,False,,Bungalow,Private
105,27,Bachelor Degree,"Psychologist, forensic",9143,True,Kia,False,,HDB,Public
106,33,PhD,Research scientist (maths),20804,True,Audi,True,Cat,Condominium,Private
107,27,Diploma,Local government officer,15886,True,Maserati,True,Fish,Semi-Detached House,Private
108,27,Bachelor Degree,"Pharmacist, hospital",10039,True,Maserati,True,Bird,Semi-Detached House,Private
109,34,PhD,Copy,23353,True,Lamborghini,True,Dog,Condominium,Private
110,64,Diploma,Writer,13028,True,BMW,False,,Terrace House,Private
111,65,PhD,Occupational therapist,15288,True,BMW,True,Cat,Terrace House,Private
112,59,Diploma,"Engineer, civil (consulting)",17296,True,Mazda,True,Fish,HDB,Public
113,60,Vocational,Heritage manager,16539,True,Jaguar,True,Cat,Terrace House,Private
114,30,PhD,Comptroller,14780,True,Ferrari,True,Cat,Bungalow,Private
115,34,Master Degree,"Engineer, building services",10553,False,,True,Rabbit,Condominium,Private
116,61,Diploma,Art gallery manager,14308,True,Audi,True,Dog,Semi-Detached House,Private
117,63,Diploma,Database administrator,9631,False,,True,Rabbit,HDB,Public
118,35,Diploma,"Scientist, forensic",21260,False,,True,Fish,Condominium,Private
119,53,PhD,"Secretary, company",12033,True,Maserati,True,Cat,Semi-Detached House,Private
120,45,Bachelor Degree,Podiatrist,22573,True,Lamborghini,True,Rabbit,Condominium,Private
121,47,Master Degree,Acupuncturist,11316,True,Ferrari,True,Bird,Semi-Detached House,Private
122,62,Vocational,Land,17606,False,,False,,Semi-Detached House,Private
123,63,Primary,Recruitment consultant,6547,False,,False,,HDB,Public
124,48,PhD,"Radiographer, therapeutic",12383,True,Audi,False,,Bungalow,Private
125,43,PhD,Television production assistant,15813,True,Mercedes,True,Guinea Pig,Semi-Detached House,Private
126,24,Diploma,Pathologist,9181,False,,False,,HDB,Public
127,32,Diploma,Tourism officer,20282,True,Audi,True,Fish,Semi-Detached House,Private
128,58,Vocational,Furniture conservator/restorer,16559,False,,False,,Terrace House,Private
129,37,Primary,"Teacher, early years/pre",8385,False,,False,,HDB,Public
130,43,PhD,Midwife,12079,True,Lamborghini,True,Cat,Landed Property,Private
131,27,Diploma,Market researcher,9188,False,,False,,HDB,Public
132,60,Vocational,Food technologist,8217,False,,False,,HDB,Public
133,64,Master Degree,Glass blower/designer,12260,True,Jaguar,False,,Landed Property,Private
134,31,Vocational,Actuary,9705,True,Nissan,False,,HDB,Public
135,24,Bachelor Degree,Printmaker,18085,False,,True,Cat,Condominium,Private
136,40,Vocational,Chartered loss adjuster,6727,False,,True,Cat,HDB,Public
137,40,Bachelor Degree,Wellsite geologist,16553,True,Jaguar,True,Cat,Semi-Detached House,Private
138,47,Bachelor Degree,Manufacturing engineer,24567,True,Lexus,False,,Terrace House,Private
139,59,Vocational,Oncologist,14148,True,Lexus,True,Fish,Landed Property,Private
140,52,Vocational,Publishing rights manager,23209,True,Maserati,False,,Terrace House,Private
141,48,PhD,Web designer,23935,False,,False,,Condominium,Private
142,64,Vocational,Biomedical scientist,12676,True,Maserati,True,Fish,Condominium,Private
143,20,Bachelor Degree,"Copywriter, advertising",15841,True,Mercedes,True,Dog,Bungalow,Private
144,49,Diploma,Civil Service administrator,15036,True,Audi,True,Cat,Condominium,Private
145,22,Diploma,Tourist information centre manager,16443,False,,False,,Condominium,Private
146,46,Bachelor Degree,Operational investment banker,19124,True,Maserati,True,Cat,Bungalow,Private
147,41,Master Degree,IT technical support officer,17112,True,Lamborghini,True,Cat,Bungalow,Private
148,35,Bachelor Degree,"Accountant, chartered",10851,True,Lamborghini,True,Fish,Landed Property,Private
149,40,Vocational,Production manager,14249,True,Mercedes,False,,Condominium,Private
150,33,Diploma,Colour technologist,22959,True,Jaguar,True,Cat,Terrace House,Private
151,24,Bachelor Degree,Licensed conveyancer,12251,False,,False,,Semi-Detached House,Private
152,59,Master Degree,"Designer, fashion/clothing",10844,True,BMW,True,Fish,Terrace House,Private
153,26,Bachelor Degree,Production engineer,19344,True,Toyota,False,,HDB,Public
154,48,Diploma,Copy,18143,True,Lexus,False,,Bungalow,Private
155,64,Bachelor Degree,Hospital pharmacist,18411,False,,False,,Bungalow,Private
156,32,Diploma,Field seismologist,17506,True,BMW,True,Dog,Semi-Detached House,Private
157,51,Master Degree,Commercial/residential surveyor,22344,False,,True,Cat,Semi-Detached House,Private
158,30,Bachelor Degree,Claims inspector/assessor,12709,True,Mercedes,True,Cat,Terrace House,Private
159,58,Diploma,Fish farm manager,19490,True,Ferrari,True,Guinea Pig,Bungalow,Private
160,65,Diploma,"Clinical scientist, histocompatibility and immunogenetics",19922,True,BMW,True,Fish,Condominium,Private
161,43,Vocational,Facilities manager,11567,True,Audi,True,Dog,Semi-Detached House,Private
162,31,Diploma,Air broker,14206,True,Ferrari,True,Dog,Condominium,Private
163,39,Vocational,"Engineer, technical sales",8161,True,Kia,False,,HDB,Public
164,41,Vocational,Arts development officer,23426,True,BMW,True,Rabbit,Bungalow,Private
165,44,Master Degree,Neurosurgeon,14578,True,Lexus,True,Rabbit,Semi-Detached House,Private
166,39,Vocational,Immunologist,23759,True,Maserati,True,Fish,Condominium,Private
167,51,Diploma,Print production planner,14862,True,Maserati,True,Dog,Terrace House,Private
168,43,Master Degree,"Education officer, environmental",15007,True,Kia,True,Guinea Pig,HDB,Public
169,52,Diploma,Diplomatic Services operational officer,15027,True,Mercedes,True,Bird,Bungalow,Private
170,57,PhD,"Scientist, research (maths)",8229,False,,False,,HDB,Public
171,44,Bachelor Degree,Games developer,15496,True,Ferrari,False,,Landed Property,Private
172,27,Bachelor Degree,Market researcher,18150,True,Lamborghini,False,,Landed Property,Private
173,60,Diploma,Energy manager,10642,True,Mercedes,True,Dog,Landed Property,Private
174,56,Diploma,Garment/textile technologist,10534,True,Lamborghini,False,,Bungalow,Private
175,64,Bachelor Degree,Multimedia specialist,15123,True,BMW,True,Cat,Bungalow,Private
176,54,Master Degree,Musician,10028,False,,False,,Landed Property,Private
177,54,Bachelor Degree,Company secretary,10532,True,Lexus,True,Fish,Landed Property,Private
178,39,Diploma,Race relations officer,24093,True,Mercedes,False,,Semi-Detached House,Private
179,27,Bachelor Degree,Transport planner,19093,True,Mercedes,True,Cat,Semi-Detached House,Private
180,56,Diploma,Public librarian,19457,True,Mazda,False,,Semi-Detached House,Private
181,52,Primary,"Accountant, chartered",5696,False,,False,,HDB,Public
182,56,Diploma,"Loss adjuster, chartered",14441,True,Jaguar,False,,Semi-Detached House,Private
183,62,Bachelor Degree,Broadcast presenter,11415,True,Ferrari,True,Cat,Condominium,Private
184,52,PhD,"Editor, film/video",16110,True,Ferrari,True,Rabbit,Bungalow,Private
185,50,Vocational,Osteopath,6657,False,,False,,HDB,Public
186,23,Diploma,"Teacher, English as a foreign language",9836,False,,True,Dog,HDB,Public
187,46,Bachelor Degree,Technical brewer,11033,True,Ferrari,True,Bird,Condominium,Private
188,60,Diploma,Garment/textile technologist,9280,False,,False,,HDB,Public
189,37,Vocational,Data processing manager,20566,True,Jaguar,True,Cat,Terrace House,Private
190,51,PhD,Web designer,11187,True,Maserati,True,Cat,Semi-Detached House,Private
191,52,Bachelor Degree,Arboriculturist,23728,True,Ferrari,True,Dog,Terrace House,Private
192,31,Vocational,"Therapist, drama",12408,True,Mercedes,True,Cat,Terrace House,Private
193,34,Secondary,"Sales professional, IT",5270,False,,False,,HDB,Public
194,36,PhD,Podiatrist,23768,True,Maserati,True,Dog,Semi-Detached House,Private
195,49,Master Degree,Medical physicist,23010,True,Nissan,False,,Bungalow,Private
196,52,Diploma,Theatre manager,12928,True,Jaguar,True,Cat,Condominium,Private
197,55,Diploma,Mechanical engineer,16466,True,Maserati,True,Dog,Bungalow,Private
198,57,Diploma,"Psychologist, educational",11751,True,Jaguar,True,Cat,Semi-Detached House,Private
199,39,Diploma,"Designer, industrial/product",14201,False,,False,,Bungalow,Private
200,42,Master Degree,Research scientist (life sciences),20731,True,Jaguar,True,Fish,Landed Property,Private
201,33,Bachelor Degree,Sales executive,20313,True,Ferrari,True,Rabbit,Terrace House,Private
202,20,Diploma,"Engineer, water",10893,True,BMW,True,Fish,Bungalow,Private
203,33,Bachelor Degree,Operations geologist,15769,True,Ferrari,True,Dog,Landed Property,Private
204,43,Bachelor Degree,Photographer,16465,False,,False,,Bungalow,Private
205,30,Secondary,"Scientist, biomedical",8190,False,,False,,HDB,Public
206,56,Vocational,Artist,9513,False,,False,,HDB,Public
207,56,Vocational,Cytogeneticist,14444,True,Ferrari,True,Fish,Condominium,Private
208,30,Vocational,Retail buyer,21566,False,,True,Dog,Bungalow,Private
209,48,Master Degree,Statistician,16147,True,Lamborghini,True,Fish,Terrace House,Private
210,27,Bachelor Degree,"Nurse, adult",13449,True,Mercedes,True,Rabbit,Landed Property,Private
211,26,Primary,Engineering geologist,6144,False,,False,,HDB,Public
212,22,Diploma,"Nurse, learning disability",18369,True,Mercedes,False,,Terrace House,Private
213,22,Bachelor Degree,Tourism officer,12685,False,,True,Cat,Landed Property,Private
214,21,Bachelor Degree,Financial adviser,11955,False,,False,,Semi-Detached House,Private
215,29,Diploma,Nutritional therapist,19859,True,Ferrari,True,Guinea Pig,Terrace House,Private
216,62,PhD,Glass blower/designer,11554,True,Jaguar,True,Bird,Landed Property,Private
217,46,Vocational,Games developer,6734,False,,False,,HDB,Public
218,47,Master Degree,Music therapist,20990,False,,False,,Condominium,Private
219,33,Diploma,Industrial/product designer,10836,True,Ferrari,True,Fish,Landed Property,Private
220,24,Primary,Personal assistant,6242,False,,False,,Semi-Detached House,Private
221,53,Bachelor Degree,Legal secretary,17420,False,,False,,Landed Property,Private
222,45,Master Degree,Ergonomist,17340,True,Lexus,False,,Condominium,Private
223,54,Bachelor Degree,Radio broadcast assistant,18899,True,Mercedes,True,Cat,Semi-Detached House,Private
224,36,Diploma,Food technologist,12620,False,,True,Rabbit,Condominium,Private
225,34,Secondary,Horticultural therapist,9789,False,,False,,HDB,Public
226,33,Master Degree,Science writer,16605,True,Mercedes,True,Dog,Condominium,Private
227,60,Vocational,"Therapist, speech and language",13286,True,BMW,True,Dog,Semi-Detached House,Private
228,26,Bachelor Degree,Dealer,18230,True,Audi,False,,Terrace House,Private
229,62,Bachelor Degree,Structural engineer,15808,False,,False,,Landed Property,Private
230,35,PhD,Energy engineer,23651,True,Maserati,True,Cat,Semi-Detached House,Private
231,23,Diploma,"Therapist, drama",12242,False,,False,,Terrace House,Private
232,53,Diploma,Freight forwarder,24052,True,Maserati,True,Fish,Terrace House,Private
233,43,Diploma,Curator,15236,True,Ferrari,True,Fish,Terrace House,Private
234,24,Diploma,"Accountant, chartered certified",12964,False,,False,,Bungalow,Private
235,31,Diploma,Technical sales engineer,24090,False,,False,,Terrace House,Private
236,30,Vocational,"Scientist, product/process development",12570,True,Maserati,False,,Bungalow,Private
237,46,Master Degree,"Research officer, government",18121,True,Jaguar,True,Cat,Condominium,Private
238,35,Bachelor Degree,"Social research officer, government",13883,True,Audi,True,Fish,Terrace House,Private
239,56,Master Degree,Magazine journalist,16900,False,,False,,Semi-Detached House,Private
240,45,Diploma,Clinical psychologist,12010,True,Lexus,False,,Terrace House,Private
241,30,Secondary,Meteorologist,8868,False,,False,,HDB,Public
242,44,PhD,Technical author,22570,True,Mercedes,True,Dog,Landed Property,Private
243,27,Diploma,"Accountant, chartered public finance",12530,False,,False,,Condominium,Private
244,35,Diploma,Local government officer,10703,False,,True,Dog,Landed Property,Private
245,28,Bachelor Degree,Armed forces operational officer,10736,True,Mercedes,True,Dog,Landed Property,Private
246,54,Bachelor Degree,"Designer, blown glass/stained glass",11628,True,Lamborghini,True,Fish,Bungalow,Private
247,40,Master Degree,Emergency planning/management officer,22027,True,Maserati,False,,Bungalow,Private
248,65,Vocational,"Accountant, chartered",9602,False,,False,,HDB,Public
249,63,Vocational,Exercise physiologist,15135,True,Lexus,True,Fish,Landed Property,Private
250,35,Bachelor Degree,"Editor, film/video",16480,True,Lamborghini,True,Dog,Bungalow,Private
251,35,Bachelor Degree,Conference centre manager,17690,True,Lexus,True,Cat,Semi-Detached House,Private
252,27,Diploma,Chief Executive Officer,13752,True,Audi,True,Fish,Terrace House,Private
253,32,Vocational,Tree surgeon,19280,True,BMW,True,Cat,Terrace House,Private
254,23,Diploma,Chartered public finance accountant,18855,True,Maserati,True,Fish,Landed Property,Private
255,37,Master Degree,Transport planner,15969,True,BMW,True,Cat,Condominium,Private
256,28,Bachelor Degree,Electrical engineer,19658,True,Jaguar,True,Rabbit,Landed Property,Private
257,51,Vocational,Arboriculturist,10926,True,Jaguar,True,Fish,Bungalow,Private
258,54,PhD,Hospital doctor,16746,True,Jaguar,True,Cat,Terrace House,Private
259,46,Vocational,Cytogeneticist,7327,False,,False,,HDB,Public
260,21,Diploma,Learning mentor,10119,True,Lamborghini,True,Cat,Semi-Detached House,Private
261,28,Diploma,"Engineer, communications",11139,True,Ferrari,True,Dog,Condominium,Private
262,38,Diploma,"Engineer, materials",20105,True,Lexus,True,Fish,Terrace House,Private
263,57,Diploma,Brewing technologist,14221,False,,False,,Semi-Detached House,Private
264,32,Vocational,"Scientist, forensic",13059,False,,False,,Bungalow,Private
265,61,Diploma,"Engineer, land",15533,True,Ferrari,True,Bird,Condominium,Private
266,63,Vocational,Legal secretary,9376,False,,False,,Terrace House,Private
267,55,Bachelor Degree,"Nurse, mental health",21915,True,Jaguar,False,,Bungalow,Private
268,54,Diploma,Engineering geologist,11398,False,,False,,Landed Property,Private
269,24,Bachelor Degree,Sports coach,18625,True,Jaguar,True,Cat,Bungalow,Private
270,61,Master Degree,"Designer, industrial/product",12884,True,Ferrari,True,Dog,Semi-Detached House,Private
271,56,PhD,"Scientist, physiological",9683,False,,True,Rabbit,Condominium,Private
272,26,Diploma,Comptroller,14438,True,Jaguar,True,Cat,Condominium,Private
273,23,Diploma,Herpetologist,12670,True,Jaguar,False,,Landed Property,Private
274,59,Diploma,"Nurse, children's",18509,False,,False,,Condominium,Private
275,38,Vocational,Exhibition designer,18953,True,Lexus,False,,Terrace House,Private
276,47,Diploma,English as a second language teacher,11950,True,Audi,True,Cat,Landed Property,Private
277,51,Vocational,Web designer,22763,True,BMW,True,Dog,Semi-Detached House,Private
278,50,Bachelor Degree,Chiropractor,20546,True,Nissan,True,Rabbit,HDB,Public
279,47,Diploma,Tour manager,15659,True,Ferrari,True,Dog,Condominium,Private
280,47,Vocational,"Journalist, magazine",20355,True,Maserati,True,Fish,Landed Property,Private
281,32,Vocational,Health physicist,9126,False,,False,,HDB,Public
282,47,PhD,Engineering geologist,20012,True,Jaguar,True,Fish,Semi-Detached House,Private
283,45,Bachelor Degree,Financial manager,11136,True,Toyota,False,,Condominium,Private
284,40,Primary,Chief Executive Officer,5257,False,,False,,HDB,Public
285,25,Diploma,"Embryologist, clinical",17277,True,Ferrari,False,,Semi-Detached House,Private
286,41,PhD,Rural practice surveyor,22290,False,,False,,Semi-Detached House,Private
287,22,Diploma,Toxicologist,17635,True,Mercedes,True,Fish,Bungalow,Private
288,24,Bachelor Degree,Museum/gallery curator,10303,True,Ferrari,True,Dog,Semi-Detached House,Private
289,29,Bachelor Degree,"Research officer, government",10897,True,Audi,True,Dog,Semi-Detached House,Private
290,25,Diploma,Water engineer,14602,True,Lexus,True,Fish,Semi-Detached House,Private
291,56,Diploma,Travel agency manager,15029,False,,False,,Semi-Detached House,Private
292,26,Diploma,Chief Marketing Officer,11982,True,BMW,True,Cat,Landed Property,Private
293,38,Diploma,Leisure centre manager,19203,True,Maserati,True,Fish,Semi-Detached House,Private
294,54,Diploma,"Biochemist, clinical",11762,True,Audi,True,Fish,Bungalow,Private
295,60,PhD,Information officer,17091,True,BMW,True,Dog,Condominium,Private
296,26,Diploma,Water engineer,19270,True,Jaguar,True,Rabbit,Landed Property,Private
297,44,Master Degree,Public relations officer,22866,True,Lamborghini,False,,Terrace House,Private
298,32,PhD,Publishing rights manager,17517,True,Maserati,True,Dog,Terrace House,Private
299,28,Bachelor Degree,"Pharmacist, hospital",12174,False,,False,,Semi-Detached House,Private
300,29,Bachelor Degree,Senior tax professional/tax inspector,13525,True,Ferrari,True,Guinea Pig,Terrace House,Private
301,26,Bachelor Degree,Haematologist,10407,True,Maserati,True,Dog,Condominium,Private
302,62,Bachelor Degree,"Therapist, horticultural",18613,True,Maserati,True,Fish,Terrace House,Private
303,52,Diploma,Aid worker,18934,True,Lexus,True,Cat,Landed Property,Private
304,49,Vocational,Meteorologist,17360,True,Audi,True,Fish,Landed Property,Private
305,41,Bachelor Degree,Emergency planning/management officer,19314,True,Audi,True,Guinea Pig,Condominium,Private
306,57,Master Degree,Ecologist,15816,True,Maserati,False,,Terrace House,Private
307,41,Bachelor Degree,International aid/development worker,13664,True,Mercedes,True,Fish,Condominium,Private
308,39,Master Degree,Artist,16167,True,Ferrari,False,,Bungalow,Private
309,51,Master Degree,Armed forces logistics/support/administrative officer,18437,True,Maserati,False,,Landed Property,Private
310,22,Diploma,Special effects artist,19233,False,,False,,Landed Property,Private
311,57,Master Degree,Community development worker,14860,True,Lexus,True,Cat,Semi-Detached House,Private
312,26,Bachelor Degree,"Scientist, forensic",18967,True,Jaguar,True,Cat,Condominium,Private
313,41,Vocational,Retail banker,13384,True,Lexus,False,,Bungalow,Private
314,28,Diploma,Building surveyor,12784,True,Lexus,True,Cat,Condominium,Private
315,41,Master Degree,"Designer, graphic",13041,True,Ferrari,False,,Terrace House,Private
316,65,PhD,Podiatrist,11342,False,,False,,Condominium,Private
317,21,Diploma,"Scientist, product/process development",19067,True,Maserati,True,Dog,Bungalow,Private
318,27,Diploma,Scientific laboratory technician,13927,True,Ferrari,True,Cat,Semi-Detached House,Private
319,44,Diploma,Special educational needs teacher,10851,False,,False,,Semi-Detached House,Private
320,29,Bachelor Degree,"Research officer, government",14315,True,Ferrari,True,Dog,Semi-Detached House,Private
321,26,Diploma,Musician,16578,True,Jaguar,True,Dog,Terrace House,Private
322,30,Bachelor Degree,Manufacturing systems engineer,19653,True,Ferrari,True,Rabbit,Terrace House,Private
323,65,Master Degree,Public relations account executive,17668,True,Maserati,False,,Landed Property,Private
324,27,Diploma,"Social research officer, government",8466,False,,False,,HDB,Public
325,56,Bachelor Degree,Fast food restaurant manager,13085,True,Mercedes,True,Rabbit,Bungalow,Private
326,41,PhD,"Development worker, community",19391,True,Ferrari,True,Dog,Condominium,Private
327,44,Diploma,Psychiatrist,11906,True,Lamborghini,True,Fish,Semi-Detached House,Private
328,44,Bachelor Degree,Database administrator,20080,True,Maserati,True,Dog,Terrace House,Private
329,38,Diploma,Public relations officer,22523,True,Lamborghini,True,Bird,Bungalow,Private
330,32,Master Degree,Investment analyst,14093,True,Lamborghini,True,Guinea Pig,Terrace House,Private
331,36,Master Degree,Curator,19906,True,Audi,True,Cat,Bungalow,Private
332,45,Bachelor Degree,Arboriculturist,22207,False,,True,Dog,Bungalow,Private
333,52,Master Degree,"Radiographer, therapeutic",14311,True,Ferrari,True,Dog,Landed Property,Private
334,63,Bachelor Degree,Chartered accountant,12822,True,Audi,True,Guinea Pig,Terrace House,Private
335,41,Master Degree,Civil Service fast streamer,20546,True,Jaguar,True,Cat,Landed Property,Private
336,38,Master Degree,Technical brewer,15690,False,,False,,Condominium,Private
337,37,PhD,Medical physicist,13239,True,Kia,True,Fish,HDB,Public
338,36,Primary,"Geologist, wellsite",9085,False,,False,,HDB,Public
339,35,Master Degree,Broadcast engineer,22916,True,Audi,False,,Bungalow,Private
340,42,Vocational,"Scientist, marine",8533,False,,True,Cat,HDB,Public
341,53,Vocational,"Editor, commissioning",20725,True,Jaguar,True,Fish,Condominium,Private
342,37,Diploma,"Surveyor, planning and development",21844,True,Audi,False,,Landed Property,Private
343,40,Secondary,Marine scientist,7193,False,,False,,HDB,Public
344,42,Vocational,Ophthalmologist,20831,True,Ferrari,True,Fish,Landed Property,Private
345,52,Diploma,"Conservator, museum/gallery",11928,True,Maserati,True,Fish,Bungalow,Private
346,31,PhD,Solicitor,14333,True,Maserati,False,,Condominium,Private
347,55,Vocational,Quarry manager,16992,True,Ferrari,True,Cat,Terrace House,Private
348,32,Bachelor Degree,Sales executive,24629,True,Ferrari,True,Guinea Pig,Bungalow,Private
349,25,Diploma,Plant breeder/geneticist,13589,True,Maserati,True,Fish,Terrace House,Private
350,61,Vocational,Sales promotion account executive,12075,True,Jaguar,False,,Bungalow,Private
351,42,Primary,Software engineer,5171,True,Honda,False,,HDB,Public
352,33,Vocational,Visual merchandiser,18930,True,Mercedes,False,,Semi-Detached House,Private
353,50,Diploma,Medical technical officer,15807,False,,False,,Condominium,Private
354,31,Master Degree,Data processing manager,11251,True,Lexus,True,Cat,Semi-Detached House,Private
355,31,PhD,Research scientist (medical),14209,True,Maserati,True,Dog,Terrace House,Private
356,31,Bachelor Degree,"Secretary, company",11153,False,,False,,Terrace House,Private
357,32,Bachelor Degree,IT consultant,11490,True,BMW,True,Dog,Bungalow,Private
358,39,Vocational,Public house manager,14074,False,,False,,Landed Property,Private
359,20,Bachelor Degree,Building control surveyor,18026,False,,False,,Landed Property,Private
360,30,Vocational,"Nurse, learning disability",19238,True,Lexus,True,Fish,Landed Property,Private
361,52,Master Degree,"Engineer, site",12012,True,Lexus,True,Cat,Condominium,Private
362,38,Vocational,Psychiatric nurse,10666,True,Audi,True,Cat,Condominium,Private
363,42,PhD,"Surveyor, commercial/residential",22516,True,Ferrari,True,Rabbit,Semi-Detached House,Private
364,56,Diploma,"Therapist, drama",19460,True,Lexus,True,Rabbit,Landed Property,Private
365,26,Diploma,Medical secretary,19794,True,Ferrari,True,Fish,Condominium,Private
366,53,Vocational,"Social research officer, government",20303,True,Ferrari,True,Dog,Condominium,Private
367,54,Diploma,"Designer, interior/spatial",22395,True,Ferrari,False,,Landed Property,Private
368,65,Diploma,Early years teacher,16046,True,Maserati,True,Dog,Condominium,Private
369,52,Master Degree,"Surveyor, planning and development",18631,True,Maserati,True,Dog,Landed Property,Private
370,50,Vocational,Forensic scientist,15222,True,Maserati,True,Guinea Pig,Landed Property,Private
371,56,Bachelor Degree,Civil Service fast streamer,12457,True,Lamborghini,True,Bird,Landed Property,Private
372,65,Master Degree,Corporate treasurer,15066,True,Audi,True,Bird,Landed Property,Private
373,54,Secondary,Electrical engineer,7123,True,Hyundai,True,Fish,HDB,Public
374,42,Diploma,Chartered legal executive (England and Wales),22440,False,,False,,Semi-Detached House,Private
375,43,Vocational,Speech and language therapist,15252,True,Maserati,True,Fish,Terrace House,Private
376,61,Master Degree,Insurance account manager,18830,True,Audi,True,Cat,Bungalow,Private
377,54,Master Degree,Agricultural engineer,15995,True,Jaguar,True,Dog,Terrace House,Private
378,28,Diploma,"Accountant, chartered certified",17679,True,Maserati,True,Cat,Condominium,Private
379,58,Secondary,"Surveyor, minerals",4363,False,,False,,HDB,Public
380,53,Master Degree,"Surveyor, rural practice",14597,True,Audi,True,Dog,Bungalow,Private
381,50,PhD,Clinical biochemist,13058,False,,True,Cat,Semi-Detached House,Private
382,41,Vocational,Drilling engineer,24691,True,Mercedes,True,Fish,Semi-Detached House,Private
383,39,Master Degree,"Therapist, speech and language",22835,True,Maserati,True,Fish,Condominium,Private
384,25,Bachelor Degree,"Surveyor, rural practice",12716,True,Maserati,False,,Condominium,Private
385,34,Master Degree,Interpreter,23346,True,Maserati,True,Guinea Pig,Condominium,Private
386,25,Diploma,Fitness centre manager,13191,True,Lamborghini,True,Cat,Semi-Detached House,Private
387,22,Diploma,Holiday representative,8866,False,,True,Rabbit,HDB,Public
388,26,Diploma,Legal executive,14075,False,,True,Guinea Pig,Condominium,Private
389,35,Primary,"Programmer, multimedia",5550,False,,False,,HDB,Public
390,49,Master Degree,Field trials officer,24948,True,Lamborghini,True,Cat,Condominium,Private
391,36,Bachelor Degree,Retail buyer,23720,False,,False,,Semi-Detached House,Private
392,32,Master Degree,"Pharmacist, hospital",11093,True,Lexus,True,Cat,Semi-Detached House,Private
393,40,PhD,Metallurgist,20915,True,Jaguar,True,Fish,Condominium,Private
394,35,Bachelor Degree,Theme park manager,16400,True,Jaguar,False,,Bungalow,Private
395,31,PhD,"Surveyor, hydrographic",17872,True,Lexus,False,,Bungalow,Private
396,24,Bachelor Degree,Planning and development surveyor,10349,True,Audi,True,Cat,Landed Property,Private
397,56,Master Degree,Paediatric nurse,10030,True,Ferrari,True,Cat,Terrace House,Private
398,45,Diploma,Horticultural therapist,18496,False,,True,Dog,Landed Property,Private
399,35,Diploma,Horticultural consultant,21430,True,Ferrari,True,Dog,Terrace House,Private
400,23,Bachelor Degree,Forest/woodland manager,14834,False,,False,,Bungalow,Private
401,57,Bachelor Degree,"Engineer, drilling",16971,True,Mercedes,True,Cat,Condominium,Private
402,52,Master Degree,Community development worker,24986,False,,False,,Landed Property,Private
403,26,Diploma,Commercial/residential surveyor,13484,True,Maserati,True,Dog,Condominium,Private
404,35,PhD,"Production assistant, radio",15235,True,Ferrari,True,Cat,Terrace House,Private
405,21,Diploma,Financial planner,19086,True,Ferrari,True,Dog,Landed Property,Private
406,29,Diploma,Medical sales representative,11405,False,,False,,Semi-Detached House,Private
407,26,Diploma,Haematologist,13399,True,BMW,True,Cat,Terrace House,Private
408,45,Bachelor Degree,"Engineer, maintenance",12668,False,,True,Guinea Pig,Condominium,Private
409,54,Diploma,Chiropractor,13672,True,Lamborghini,True,Cat,Semi-Detached House,Private
410,20,Bachelor Degree,"Accountant, chartered management",9042,True,Hyundai,False,,HDB,Public
411,52,PhD,Medical technical officer,15642,True,Audi,True,Dog,Semi-Detached House,Private
412,42,Master Degree,Veterinary surgeon,15589,False,,False,,Semi-Detached House,Private
413,47,PhD,Research scientist (medical),21661,True,Ferrari,True,Fish,Bungalow,Private
414,38,Master Degree,Nature conservation officer,19897,True,Lexus,True,Cat,Terrace House,Private
415,64,Vocational,Advertising art director,12978,True,Ferrari,True,Fish,Bungalow,Private
416,21,Bachelor Degree,Television camera operator,18304,True,Lamborghini,True,Dog,Terrace House,Private
417,45,Diploma,Quality manager,20554,False,,False,,Landed Property,Private
418,32,Master Degree,"Optician, dispensing",20991,True,Audi,True,Dog,Landed Property,Private
419,51,Master Degree,Senior tax professional/tax inspector,16732,True,Ferrari,False,,Landed Property,Private
420,55,Master Degree,Holiday representative,14297,True,Jaguar,True,Dog,Terrace House,Private
421,32,Vocational,Theatre stage manager,14122,True,BMW,True,Cat,Condominium,Private
422,48,Vocational,Building control surveyor,6766,False,,True,Cat,HDB,Public
423,20,Diploma,"Engineer, electrical",15890,True,Audi,True,Dog,Semi-Detached House,Private
424,30,PhD,Technical sales engineer,24620,True,Lamborghini,True,Fish,Semi-Detached House,Private
425,20,Diploma,Regulatory affairs officer,10056,False,,True,Rabbit,Bungalow,Private
426,46,Master Degree,Prison officer,21689,True,Audi,True,Dog,Landed Property,Private
427,47,PhD,Pharmacologist,22217,True,BMW,True,Cat,Condominium,Private
428,60,PhD,Teaching laboratory technician,14520,True,Lamborghini,True,Dog,Semi-Detached House,Private
429,57,Bachelor Degree,Advertising account executive,11939,True,Lexus,False,,Condominium,Private
430,37,Vocational,Manufacturing engineer,10675,True,BMW,False,,Semi-Detached House,Private
431,31,Master Degree,Barrister,21173,True,Jaguar,True,Fish,Landed Property,Private
432,51,Primary,Investment analyst,9703,False,,False,,HDB,Public
433,32,Secondary,Sales promotion account executive,6375,False,,False,,HDB,Public
434,64,Bachelor Degree,Banker,10201,True,Maserati,True,Cat,Landed Property,Private
435,57,Vocational,"Therapist, music",18745,True,BMW,True,Fish,Semi-Detached House,Private
436,30,Diploma,Learning disability nurse,13442,True,Maserati,True,Dog,Terrace House,Private
437,53,Vocational,Phytotherapist,16210,True,Lamborghini,True,Bird,Semi-Detached House,Private
438,47,Master Degree,Occupational hygienist,19773,True,Maserati,True,Cat,Landed Property,Private
439,39,Master Degree,Commercial/residential surveyor,17994,False,,False,,Condominium,Private
440,40,Bachelor Degree,IT sales professional,13627,True,Jaguar,True,Guinea Pig,Terrace House,Private
441,64,PhD,Orthoptist,9619,False,,False,,HDB,Public
442,64,PhD,Customer service manager,19256,True,Lexus,True,Dog,Landed Property,Private
443,56,Vocational,"Horticulturist, commercial",14735,True,Lexus,True,Dog,Semi-Detached House,Private
444,27,Bachelor Degree,Corporate treasurer,9941,True,Honda,False,,HDB,Public
445,21,Bachelor Degree,Sports therapist,17251,True,Lamborghini,False,,Terrace House,Private
446,44,Master Degree,"Journalist, newspaper",20691,True,Maserati,True,Dog,Bungalow,Private
447,23,Bachelor Degree,"Engineer, petroleum",11123,True,Hyundai,False,,Condominium,Private
448,30,PhD,"Development worker, international aid",23191,True,BMW,True,Fish,Landed Property,Private
449,49,PhD,"Investment banker, operational",11599,True,BMW,True,Dog,Terrace House,Private
450,28,Bachelor Degree,Art gallery manager,13460,False,,False,,Semi-Detached House,Private
451,32,Master Degree,Physiotherapist,14638,True,Lamborghini,True,Rabbit,Landed Property,Private
452,24,Diploma,Research scientist (physical sciences),10231,True,Lexus,True,Dog,Semi-Detached House,Private
453,40,Bachelor Degree,Horticultural consultant,17640,True,Lamborghini,True,Fish,Landed Property,Private
454,60,Diploma,"Biochemist, clinical",15614,True,BMW,True,Dog,Terrace House,Private
455,45,Bachelor Degree,"Scientist, research (maths)",15384,False,,True,Cat,Landed Property,Private
456,58,PhD,"Editor, commissioning",16749,True,Lexus,False,,Semi-Detached House,Private
457,35,Master Degree,Barrister's clerk,19841,True,Ferrari,True,Cat,Bungalow,Private
458,57,Master Degree,TEFL teacher,17053,True,Mazda,True,Dog,Terrace House,Private
459,22,Diploma,"Solicitor, Scotland",14099,True,Lamborghini,True,Fish,Semi-Detached House,Private
460,30,Vocational,Film/video editor,11230,True,Lamborghini,True,Cat,Terrace House,Private
461,27,Bachelor Degree,Operational investment banker,9296,False,,False,,HDB,Public
462,48,Vocational,Land/geomatics surveyor,5772,False,,False,,HDB,Public
463,21,Bachelor Degree,Amenity horticulturist,12694,True,Lexus,True,Cat,Terrace House,Private
464,44,Vocational,Agricultural consultant,24877,False,,True,Dog,Condominium,Private
465,27,Diploma,Publishing rights manager,12051,True,Jaguar,True,Dog,Terrace House,Private
466,32,PhD,Volunteer coordinator,18225,True,Jaguar,True,Cat,Semi-Detached House,Private
467,61,PhD,Education administrator,18058,True,Mercedes,True,Dog,Landed Property,Private
468,47,PhD,"Engineer, electrical",22698,True,Maserati,True,Fish,Landed Property,Private
469,31,Secondary,TEFL teacher,8098,True,Kia,True,Dog,HDB,Public
470,21,Bachelor Degree,Statistician,13328,True,Lexus,True,Cat,Landed Property,Private
471,39,Vocational,Automotive engineer,18764,True,Jaguar,True,Dog,Condominium,Private
472,40,PhD,Cabin crew,12655,True,Lexus,True,Fish,Terrace House,Private
473,30,Vocational,Public relations account executive,12669,True,Jaguar,True,Dog,Terrace House,Private
474,41,Bachelor Degree,Hydrologist,16485,False,,False,,Condominium,Private
475,43,Master Degree,"Pharmacist, community",11688,True,BMW,True,Dog,Condominium,Private
476,59,Vocational,Environmental education officer,10355,True,Lexus,True,Dog,Terrace House,Private
477,47,Vocational,"Engineer, drilling",22635,True,Ferrari,False,,Bungalow,Private
478,27,Vocational,Dancer,7665,False,,False,,HDB,Public
479,25,Secondary,Textile designer,5301,False,,False,,HDB,Public
480,29,Bachelor Degree,Psychiatric nurse,13576,True,Lexus,True,Dog,Condominium,Private
481,40,Primary,Chief of Staff,6415,False,,False,,Terrace House,Private
482,51,Master Degree,Clinical embryologist,21071,True,Jaguar,False,,Landed Property,Private
483,26,Bachelor Degree,"Designer, blown glass/stained glass",17518,True,BMW,True,Bird,Semi-Detached House,Private
484,26,Bachelor Degree,IT consultant,18673,True,BMW,False,,Landed Property,Private
485,50,Diploma,Technical author,20443,True,Ferrari,True,Cat,Landed Property,Private
486,54,Bachelor Degree,Advertising account planner,11940,True,Audi,True,Dog,Bungalow,Private
487,38,Master Degree,"Horticulturist, amenity",15382,False,,False,,Terrace House,Private
488,54,Vocational,Charity fundraiser,15538,True,Mercedes,True,Dog,Condominium,Private
489,29,Vocational,"Pilot, airline",6387,False,,False,,HDB,Public
490,51,Master Degree,Hospital doctor,11892,True,Mercedes,True,Cat,Condominium,Private
491,24,Secondary,"Accountant, chartered public finance",7438,True,Toyota,True,Bird,HDB,Public
492,57,Master Degree,"Administrator, local government",9426,True,Kia,False,,HDB,Public
493,64,PhD,"Surveyor, land/geomatics",14739,True,Mercedes,True,Cat,Terrace House,Private
494,52,Diploma,Music therapist,16838,True,Ferrari,True,Fish,Terrace House,Private
495,33,PhD,Private music teacher,10382,True,Audi,False,,Landed Property,Private
496,59,Master Degree,Health and safety inspector,8881,False,,False,,HDB,Public
497,43,Bachelor Degree,Academic librarian,10139,True,Ferrari,True,Dog,Semi-Detached House,Private
498,55,Master Degree,Building services engineer,10781,False,,False,,Terrace House,Private
499,51,Secondary,Arts development officer,7455,False,,False,,HDB,Public
500,22,Bachelor Degree,Geoscientist,14834,True,Jaguar,False,,Semi-Detached House,Private
501,56,Diploma,Health and safety adviser,16028,True,Maserati,True,Bird,Condominium,Private
502,43,Vocational,Hydrogeologist,17565,True,Mercedes,True,Bird,Terrace House,Private
503,52,Bachelor Degree,"Loss adjuster, chartered",18757,True,Mercedes,True,Rabbit,Bungalow,Private
504,48,PhD,Hospital doctor,22811,True,BMW,True,Dog,Condominium,Private
505,37,PhD,Pension scheme manager,15772,True,Mercedes,True,Cat,Condominium,Private
506,35,Bachelor Degree,Video editor,20727,True,Mercedes,True,Rabbit,Bungalow,Private
507,39,Diploma,"Psychologist, clinical",16744,True,Jaguar,True,Cat,Landed Property,Private
508,54,PhD,Licensed conveyancer,14294,True,Maserati,True,Dog,Bungalow,Private
509,35,Bachelor Degree,"Programmer, multimedia",10959,True,Lamborghini,True,Fish,Terrace House,Private
510,39,Master Degree,Immunologist,15134,False,,False,,Bungalow,Private
511,48,PhD,"Administrator, Civil Service",15265,False,,True,Dog,Landed Property,Private
512,59,Master Degree,Glass blower/designer,10285,False,,False,,Condominium,Private
513,61,Vocational,English as a foreign language teacher,12156,True,Audi,True,Dog,Landed Property,Private
514,21,Vocational,Art gallery manager,4043,True,Infiniti,False,,HDB,Public
515,46,Primary,Nature conservation officer,6354,True,Hyundai,False,,HDB,Public
516,53,Master Degree,"Lighting technician, broadcasting/film/video",17186,False,,False,,Landed Property,Private
517,38,Diploma,Sales promotion account executive,18851,True,Mercedes,True,Cat,Semi-Detached House,Private
518,47,Vocational,Writer,15872,False,,False,,Landed Property,Private
519,40,Diploma,"Presenter, broadcasting",15114,True,Lexus,True,Cat,Semi-Detached House,Private
520,39,PhD,Advertising account executive,16596,True,BMW,False,,Condominium,Private
521,40,Master Degree,Site engineer,11674,True,Honda,False,,Landed Property,Private
522,56,Bachelor Degree,Video editor,14543,False,,True,Bird,Condominium,Private
523,52,Primary,Event organiser,8123,False,,False,,HDB,Public
524,21,Diploma,Theme park manager,14140,True,Jaguar,True,Dog,Bungalow,Private
525,44,Vocational,Solicitor,16448,False,,False,,Terrace House,Private
526,64,Diploma,Software engineer,8205,False,,False,,HDB,Public
527,51,Secondary,Copy,8904,False,,True,Bird,HDB,Public
528,20,Bachelor Degree,Data scientist,8359,False,,False,,HDB,Public
529,41,Diploma,Media buyer,16756,True,Audi,True,Rabbit,Semi-Detached House,Private
530,60,PhD,Museum/gallery exhibitions officer,14233,True,Lamborghini,True,Dog,Condominium,Private
531,65,Diploma,Tour manager,9348,False,,False,,HDB,Public
532,47,PhD,Orthoptist,15141,True,Jaguar,True,Dog,Semi-Detached House,Private
533,60,Diploma,Manufacturing engineer,10081,True,Mercedes,True,Cat,Terrace House,Private
534,53,Master Degree,"Lecturer, higher education",20833,True,Jaguar,True,Dog,Landed Property,Private
535,56,PhD,Chief Financial Officer,9780,False,,False,,HDB,Public
536,59,PhD,"Education officer, community",15584,False,,True,Fish,Landed Property,Private
537,30,Bachelor Degree,Sports development officer,24299,True,Maserati,False,,Terrace House,Private
538,47,PhD,Recycling officer,24640,True,Ferrari,True,Dog,Semi-Detached House,Private
539,23,Bachelor Degree,Purchasing manager,18792,True,Lamborghini,True,Fish,Terrace House,Private
540,31,Bachelor Degree,"Engineer, biomedical",18248,True,Maserati,True,Cat,Landed Property,Private
541,44,PhD,"Therapist, music",19272,False,,False,,Condominium,Private
542,64,Diploma,"Surveyor, quantity",15132,True,Jaguar,True,Fish,Landed Property,Private
543,30,PhD,Comptroller,13592,True,BMW,True,Fish,Landed Property,Private
544,42,Bachelor Degree,"Psychotherapist, dance movement",18761,True,Audi,True,Dog,Bungalow,Private
545,29,Diploma,Stage manager,11599,False,,False,,Landed Property,Private
546,65,Vocational,"Embryologist, clinical",18408,False,,False,,Bungalow,Private
547,64,Bachelor Degree,"Engineer, structural",15567,True,Audi,True,Dog,Bungalow,Private
548,29,Diploma,Exercise physiologist,16651,True,Audi,True,Dog,Condominium,Private
549,64,Master Degree,Warehouse manager,17927,True,BMW,False,,Semi-Detached House,Private
550,37,Master Degree,Legal secretary,22903,True,Lamborghini,True,Cat,Landed Property,Private
551,53,Vocational,Health and safety inspector,11989,False,,False,,Terrace House,Private
552,20,Diploma,Medical laboratory scientific officer,14246,False,,False,,Bungalow,Private
553,65,Vocational,"Engineer, maintenance (IT)",13471,True,Audi,True,Cat,Landed Property,Private
554,34,PhD,Volunteer coordinator,10566,False,,False,,Terrace House,Private
555,53,Diploma,"Accountant, chartered certified",17474,False,,False,,Landed Property,Private
556,57,Primary,Tax adviser,7179,True,Nissan,False,,HDB,Public
557,21,Diploma,Forest/woodland manager,14953,True,Jaguar,False,,Semi-Detached House,Private
558,39,Secondary,Occupational psychologist,8579,False,,True,Fish,Condominium,Private
559,57,PhD,Quality manager,15494,True,Mercedes,True,Guinea Pig,Semi-Detached House,Private
560,56,Bachelor Degree,Ship broker,8525,False,,False,,HDB,Public
561,27,Bachelor Degree,"Designer, jewellery",16537,True,Jaguar,True,Fish,Bungalow,Private
562,34,Bachelor Degree,Education administrator,10916,False,,False,,Bungalow,Private
563,37,Vocational,Industrial/product designer,5312,False,,False,,HDB,Public
564,25,Bachelor Degree,Chiropodist,13769,False,,True,Dog,Bungalow,Private
565,29,Bachelor Degree,"Scientist, product/process development",16477,True,Maserati,False,,Bungalow,Private
566,49,Vocational,Insurance risk surveyor,21786,True,Jaguar,True,Cat,Semi-Detached House,Private
567,63,Diploma,"Teacher, primary school",16818,True,Lexus,True,Dog,Semi-Detached House,Private
568,39,Vocational,"Nurse, adult",13170,True,Maserati,True,Cat,Landed Property,Private
569,20,Diploma,Museum education officer,12410,False,,False,,Condominium,Private
570,38,Diploma,Air cabin crew,20139,True,Lexus,True,Cat,Semi-Detached House,Private
571,44,PhD,Sub,16631,False,,True,Fish,Terrace House,Private
572,37,Master Degree,"Administrator, local government",10886,True,Lexus,False,,Semi-Detached House,Private
573,28,Bachelor Degree,"Doctor, general practice",15101,True,Lamborghini,True,Dog,Condominium,Private
574,60,Bachelor Degree,Actor,17706,True,Mazda,False,,Terrace House,Private
575,46,PhD,"Engineer, aeronautical",11431,True,Kia,False,,HDB,Public
576,29,Bachelor Degree,Nature conservation officer,13708,True,BMW,True,Cat,Semi-Detached House,Private
577,56,Master Degree,Dramatherapist,10304,True,Maserati,True,Guinea Pig,Condominium,Private
578,38,Diploma,Lexicographer,11493,True,Infiniti,False,,Landed Property,Private
579,22,Bachelor Degree,"Engineer, manufacturing",12121,True,BMW,True,Fish,Semi-Detached House,Private
580,23,Bachelor Degree,"Scientist, forensic",19114,False,,True,Dog,Bungalow,Private
581,61,Master Degree,Nature conservation officer,10931,True,Mercedes,True,Rabbit,Condominium,Private
582,34,Master Degree,Music tutor,14948,True,Audi,True,Guinea Pig,Terrace House,Private
583,33,Diploma,Licensed conveyancer,11903,True,Ferrari,True,Fish,Semi-Detached House,Private
584,65,Bachelor Degree,Chartered management accountant,13271,True,Lamborghini,True,Dog,Semi-Detached House,Private
585,51,Master Degree,Speech and language therapist,10068,True,Lamborghini,True,Bird,Terrace House,Private
586,41,Vocational,"Scientist, audiological",23042,True,Jaguar,True,Guinea Pig,Landed Property,Private
587,34,Vocational,Corporate investment banker,20686,True,Mercedes,False,,Semi-Detached House,Private
588,22,Bachelor Degree,Government social research officer,13566,True,BMW,False,,Semi-Detached House,Private
589,41,PhD,Retail manager,10188,True,Ferrari,True,Fish,Semi-Detached House,Private
590,21,Diploma,"Surveyor, building",19242,True,Audi,True,Fish,Landed Property,Private
591,65,Master Degree,Commercial art gallery manager,17508,True,Maserati,True,Fish,Terrace House,Private
592,57,Vocational,"Secretary, company",11259,True,Lexus,True,Cat,Landed Property,Private
593,40,Vocational,Surgeon,21763,False,,False,,Landed Property,Private
594,30,Diploma,Hotel manager,14145,False,,False,,Bungalow,Private
595,58,PhD,Building services engineer,8910,False,,False,,HDB,Public
596,48,PhD,Food technologist,14912,True,Lexus,True,Cat,Landed Property,Private
597,29,Diploma,Telecommunications researcher,17980,True,Audi,True,Cat,Semi-Detached House,Private
598,24,Primary,Educational psychologist,5343,False,,False,,HDB,Public
599,64,PhD,"Horticulturist, amenity",17757,True,Mercedes,True,Fish,Landed Property,Private
600,21,Diploma,Academic librarian,14716,True,Lexus,True,Cat,Semi-Detached House,Private
601,26,Bachelor Degree,Theatre manager,11843,True,Jaguar,False,,Terrace House,Private
602,21,Secondary,Dietitian,5709,True,Mazda,False,,HDB,Public
603,63,Primary,"Designer, industrial/product",4533,True,Mazda,False,,HDB,Public
604,37,Master Degree,Chartered accountant,14587,True,Maserati,False,,Landed Property,Private
605,59,Bachelor Degree,Transport planner,18244,True,Jaguar,False,,Semi-Detached House,Private
606,44,Bachelor Degree,"Journalist, magazine",15091,True,Jaguar,True,Fish,Bungalow,Private
607,57,Master Degree,Chartered certified accountant,17491,True,Audi,True,Cat,Condominium,Private
608,36,Diploma,Photographer,11301,True,Lamborghini,True,Bird,Semi-Detached House,Private
609,37,Diploma,Marketing executive,19992,True,Lamborghini,True,Cat,Semi-Detached House,Private
610,38,Vocational,Insurance broker,12523,False,,False,,Bungalow,Private
611,60,Bachelor Degree,Fish farm manager,17751,True,Maserati,True,Dog,Terrace House,Private
612,32,PhD,Holiday representative,23497,True,Audi,True,Dog,Semi-Detached House,Private
613,49,PhD,Petroleum engineer,21049,True,Lamborghini,True,Dog,Terrace House,Private
614,46,Diploma,Health promotion specialist,17848,True,Jaguar,True,Fish,Condominium,Private
615,26,Diploma,"Producer, radio",14295,True,Mercedes,False,,Semi-Detached House,Private
616,50,Diploma,Health visitor,14530,False,,False,,Condominium,Private
617,52,PhD,Geoscientist,23091,True,Lexus,True,Dog,Terrace House,Private
618,33,Vocational,Air cabin crew,24111,True,Lamborghini,True,Cat,Condominium,Private
619,20,Diploma,Chief of Staff,17823,True,Maserati,True,Fish,Condominium,Private
620,20,Primary,Risk analyst,5639,False,,False,,HDB,Public
621,63,PhD,Educational psychologist,14203,True,Lamborghini,False,,Terrace House,Private
622,22,Bachelor Degree,Production engineer,14341,False,,False,,Condominium,Private
623,64,PhD,Geochemist,18740,True,Lamborghini,True,Cat,Semi-Detached House,Private
624,36,Master Degree,Immunologist,24442,True,BMW,True,Dog,Semi-Detached House,Private
625,49,Secondary,Garment/textile technologist,9339,False,,False,,HDB,Public
626,56,Bachelor Degree,"Psychotherapist, dance movement",16413,True,Lexus,True,Guinea Pig,Semi-Detached House,Private
627,46,Bachelor Degree,Counselling psychologist,11776,True,Jaguar,True,Dog,Condominium,Private
628,31,Diploma,Building services engineer,22685,False,,False,,Landed Property,Private
629,48,Diploma,Visual merchandiser,12239,True,Mercedes,True,Cat,Semi-Detached House,Private
630,50,Vocational,Diplomatic Services operational officer,12575,True,Ferrari,True,Guinea Pig,Landed Property,Private
631,26,Diploma,Radio producer,17826,True,Maserati,True,Fish,Landed Property,Private
632,52,Vocational,Personal assistant,11165,True,Jaguar,True,Dog,Condominium,Private
633,58,Diploma,Newspaper journalist,13784,True,Mercedes,False,,Landed Property,Private
634,61,PhD,Biomedical scientist,17602,True,Mercedes,True,Dog,Landed Property,Private
635,54,PhD,"Scientist, research (life sciences)",15705,False,,False,,Terrace House,Private
636,27,Diploma,"Accountant, chartered",11419,True,Audi,True,Dog,Semi-Detached House,Private
637,62,Vocational,"Designer, fashion/clothing",7114,False,,False,,HDB,Public
638,63,Diploma,Warehouse manager,10012,True,Audi,True,Dog,Condominium,Private
639,21,Diploma,"Teacher, music",8952,False,,False,,HDB,Public
640,46,Bachelor Degree,Counselling psychologist,10232,True,BMW,True,Fish,Terrace House,Private
641,54,Vocational,Pharmacologist,20543,True,Lamborghini,False,,Bungalow,Private
642,59,Master Degree,Accounting technician,8747,False,,False,,HDB,Public
643,56,Diploma,Publishing rights manager,13056,True,Jaguar,True,Bird,Landed Property,Private
644,32,Diploma,Chief Marketing Officer,18844,False,,False,,Bungalow,Private
645,57,Diploma,"Accountant, chartered certified",10222,False,,False,,Semi-Detached House,Private
646,36,Secondary,Stage manager,7698,False,,True,Dog,HDB,Public
647,30,Bachelor Degree,Estate manager/land agent,17608,False,,False,,Landed Property,Private
648,31,Vocational,Equality and diversity officer,16627,True,Audi,True,Dog,Terrace House,Private
649,63,Vocational,Travel agency manager,15200,True,Ferrari,True,Cat,Terrace House,Private
650,59,PhD,"Designer, blown glass/stained glass",10984,True,Lexus,True,Dog,Semi-Detached House,Private
651,57,PhD,Emergency planning/management officer,11044,True,Audi,True,Fish,Condominium,Private
652,53,Diploma,"Surveyor, hydrographic",17466,True,Lamborghini,True,Cat,Terrace House,Private
653,48,Vocational,Armed forces training and education officer,11907,False,,False,,Semi-Detached House,Private
654,26,Bachelor Degree,Town planner,12206,False,,False,,Bungalow,Private
655,31,PhD,Radio broadcast assistant,14738,False,,False,,Condominium,Private
656,48,PhD,"Designer, blown glass/stained glass",23301,False,,False,,Condominium,Private
657,51,PhD,Technical brewer,20076,True,BMW,True,Fish,Semi-Detached House,Private
658,44,Vocational,Building control surveyor,19559,True,Audi,True,Fish,Landed Property,Private
659,34,Master Degree,"Teacher, adult education",11390,True,BMW,True,Cat,Semi-Detached House,Private
660,48,Master Degree,Quality manager,23561,True,Audi,True,Rabbit,Semi-Detached House,Private
661,63,Bachelor Degree,Clothing/textile technologist,19550,True,Jaguar,True,Guinea Pig,Bungalow,Private
662,49,Vocational,Health promotion specialist,16320,True,Ferrari,True,Cat,Semi-Detached House,Private
663,28,Bachelor Degree,Accommodation manager,15345,True,Ferrari,False,,Terrace House,Private
664,33,Master Degree,Medical physicist,14049,False,,False,,Landed Property,Private
665,53,Vocational,"Teacher, early years/pre",15355,True,Lexus,True,Bird,Condominium,Private
666,51,PhD,Emergency planning/management officer,18378,True,Ferrari,True,Fish,Semi-Detached House,Private
667,31,Master Degree,Chief Operating Officer,10072,False,,False,,Condominium,Private
668,40,Diploma,Broadcast engineer,17613,True,Lexus,False,,Semi-Detached House,Private
669,54,Vocational,Occupational psychologist,7481,True,Infiniti,False,,Landed Property,Private
670,49,Diploma,Telecommunications researcher,11213,True,Jaguar,False,,Terrace House,Private
671,56,Master Degree,Insurance underwriter,8510,False,,False,,HDB,Public
672,49,Master Degree,Lawyer,14717,False,,False,,Condominium,Private
673,34,Diploma,Location manager,21126,False,,True,Guinea Pig,HDB,Public
674,48,PhD,Automotive engineer,21208,False,,False,,Landed Property,Private
675,64,Vocational,Osteopath,10551,False,,True,Dog,Bungalow,Private
676,43,Diploma,Product/process development scientist,20081,True,Maserati,True,Fish,Condominium,Private
677,50,Vocational,Cytogeneticist,15128,False,,False,,Bungalow,Private
678,26,Bachelor Degree,"Scientist, biomedical",18210,True,Ferrari,False,,Terrace House,Private
679,31,PhD,"Conservation officer, historic buildings",21526,True,Ferrari,True,Cat,Terrace House,Private
680,60,PhD,Comptroller,12397,True,Mercedes,True,Fish,Condominium,Private
681,52,PhD,Camera operator,15340,False,,False,,Condominium,Private
682,43,Diploma,Web designer,22238,True,Lamborghini,True,Cat,Landed Property,Private
683,27,Bachelor Degree,Hydrologist,14711,True,Lamborghini,True,Fish,Semi-Detached House,Private
684,63,Master Degree,Arboriculturist,11431,True,Lexus,True,Fish,Semi-Detached House,Private
685,36,Vocational,"Investment banker, operational",13821,True,Ferrari,True,Cat,Terrace House,Private
686,63,Diploma,Geoscientist,10087,True,Audi,True,Bird,Bungalow,Private
687,60,PhD,Haematologist,11153,True,Jaguar,True,Cat,Landed Property,Private
688,30,Master Degree,Merchant navy officer,19349,True,Ferrari,True,Dog,Landed Property,Private
689,22,Diploma,Geochemist,13055,False,,True,Cat,Landed Property,Private
690,38,Secondary,Insurance underwriter,5348,False,,True,Cat,HDB,Public
691,34,Master Degree,Clinical psychologist,16202,True,Lamborghini,True,Rabbit,Terrace House,Private
692,32,Vocational,Press photographer,22778,True,Mercedes,False,,Condominium,Private
693,65,Vocational,"Psychologist, sport and exercise",17649,True,Lamborghini,False,,Bungalow,Private
694,20,Bachelor Degree,Community pharmacist,15694,True,Jaguar,True,Rabbit,Landed Property,Private
695,23,Bachelor Degree,Retail manager,11107,True,Lamborghini,True,Bird,Semi-Detached House,Private
696,43,Bachelor Degree,Software engineer,10149,True,Maserati,True,Cat,Bungalow,Private
697,41,Diploma,"Administrator, education",21747,False,,False,,Semi-Detached House,Private
698,40,Vocational,Tax adviser,14917,True,Ferrari,True,Cat,Landed Property,Private
699,43,PhD,Personnel officer,16309,True,Mercedes,True,Cat,Semi-Detached House,Private
700,24,Secondary,Public house manager,6824,False,,False,,HDB,Public
701,32,Master Degree,"Engineer, chemical",21848,True,Ferrari,True,Cat,Condominium,Private
702,36,PhD,Geoscientist,10448,True,BMW,True,Dog,Bungalow,Private
703,44,Master Degree,Proofreader,10047,True,Maserati,True,Cat,Terrace House,Private
704,29,Bachelor Degree,"Journalist, magazine",10891,True,Lexus,False,,Terrace House,Private
705,58,Vocational,Audiological scientist,5565,False,,False,,HDB,Public
706,21,Bachelor Degree,Physiological scientist,10477,True,Maserati,False,,Terrace House,Private
707,32,Diploma,Purchasing manager,12389,True,Lexus,True,Fish,Semi-Detached House,Private
708,61,PhD,Police officer,17845,True,Maserati,True,Cat,Landed Property,Private
709,60,PhD,"Research officer, government",8419,False,,True,Dog,HDB,Public
710,38,Bachelor Degree,Petroleum engineer,24057,True,Jaguar,True,Guinea Pig,Landed Property,Private
711,56,Master Degree,IT consultant,8191,False,,False,,Semi-Detached House,Private
712,62,PhD,Volunteer coordinator,13118,True,Mercedes,True,Dog,Semi-Detached House,Private
713,23,Diploma,"Engineer, mining",14351,True,Lexus,True,Dog,Landed Property,Private
714,37,Vocational,"Surveyor, quantity",14920,True,Ferrari,True,Bird,Bungalow,Private
715,34,Bachelor Degree,"Conservation officer, nature",20271,False,,False,,Landed Property,Private
716,46,Vocational,"Nurse, adult",12575,True,BMW,True,Fish,Semi-Detached House,Private
717,34,Bachelor Degree,English as a second language teacher,24747,True,Jaguar,True,Guinea Pig,Condominium,Private
718,54,Vocational,Purchasing manager,17550,True,Maserati,True,Fish,Bungalow,Private
719,59,Vocational,"Accountant, chartered certified",12202,True,Lamborghini,False,,Landed Property,Private
720,58,Bachelor Degree,Accounting technician,17507,True,Jaguar,True,Fish,Landed Property,Private
721,20,Diploma,Actuary,8859,True,Honda,False,,HDB,Public
722,20,Bachelor Degree,Farm manager,13023,True,Audi,True,Dog,Condominium,Private
723,46,Bachelor Degree,Research scientist (medical),16218,False,,False,,Landed Property,Private
724,48,Vocational,Public relations account executive,23891,False,,False,,Bungalow,Private
725,42,Vocational,Tree surgeon,15535,False,,False,,Bungalow,Private
726,45,Diploma,Interpreter,18977,True,Ferrari,True,Fish,Bungalow,Private
727,40,Master Degree,Art gallery manager,14062,True,Lexus,True,Fish,Landed Property,Private
728,25,Bachelor Degree,English as a second language teacher,16310,True,Lexus,True,Dog,Semi-Detached House,Private
729,23,Bachelor Degree,"Embryologist, clinical",11518,True,Jaguar,True,Dog,Terrace House,Private
730,37,PhD,"Engineer, civil (contracting)",16904,True,Lamborghini,True,Dog,Condominium,Private
731,47,Bachelor Degree,"Surveyor, building",20326,False,,True,Fish,Terrace House,Private
732,50,Master Degree,Accounting technician,22362,False,,False,,Landed Property,Private
733,30,Vocational,"Programmer, systems",15862,True,Ferrari,True,Cat,Condominium,Private
734,37,Master Degree,Astronomer,22302,True,Jaguar,True,Cat,Landed Property,Private
735,43,Bachelor Degree,Interpreter,10161,False,,False,,Landed Property,Private
736,32,Primary,Horticultural therapist,7691,True,Nissan,False,,HDB,Public
737,43,Diploma,Corporate treasurer,17025,False,,False,,Semi-Detached House,Private
738,28,Diploma,Clinical biochemist,16417,True,BMW,True,Cat,Bungalow,Private
739,52,PhD,Special educational needs teacher,16197,True,Maserati,False,,Landed Property,Private
740,24,Bachelor Degree,Tourist information centre manager,10051,True,Lexus,True,Cat,Bungalow,Private
741,27,Bachelor Degree,Charity officer,19663,True,Maserati,True,Fish,Condominium,Private
742,24,Bachelor Degree,Occupational therapist,14067,False,,False,,Terrace House,Private
743,23,Bachelor Degree,Fashion designer,12051,True,Lamborghini,False,,Condominium,Private
744,29,Bachelor Degree,Data scientist,18236,False,,True,Dog,Bungalow,Private
745,62,Primary,Research scientist (life sciences),4266,True,Kia,False,,HDB,Public
746,28,Bachelor Degree,Human resources officer,18034,True,Mercedes,True,Cat,Semi-Detached House,Private
747,24,Bachelor Degree,Legal secretary,16818,True,BMW,True,Cat,Terrace House,Private
748,61,Bachelor Degree,International aid/development worker,12162,False,,True,Dog,Landed Property,Private
749,46,PhD,Midwife,17719,True,BMW,True,Dog,Landed Property,Private
750,41,Master Degree,"Teacher, primary school",21321,False,,False,,Landed Property,Private
751,24,Bachelor Degree,"Designer, jewellery",17767,True,Lamborghini,True,Cat,Landed Property,Private
752,61,Master Degree,Multimedia programmer,13512,True,Lamborghini,True,Cat,Semi-Detached House,Private
753,27,Bachelor Degree,Colour technologist,19587,True,Maserati,True,Fish,Condominium,Private
754,64,Vocational,Acupuncturist,18291,True,Hyundai,True,Guinea Pig,HDB,Public
755,27,Diploma,IT consultant,13017,True,Lamborghini,True,Cat,Semi-Detached House,Private
756,30,Vocational,"Education officer, environmental",10066,True,Maserati,True,Dog,Landed Property,Private
757,41,Vocational,Customer service manager,18754,True,Ferrari,True,Cat,Terrace House,Private
758,49,Diploma,"Psychologist, educational",16311,False,,True,Cat,Semi-Detached House,Private
759,27,Diploma,Sports development officer,14814,True,Jaguar,True,Cat,Terrace House,Private
760,25,Bachelor Degree,"Production assistant, television",18041,True,Mercedes,True,Bird,Condominium,Private
761,30,Diploma,Clinical biochemist,15871,True,Audi,True,Dog,Semi-Detached House,Private
762,32,Master Degree,"Copywriter, advertising",23361,True,Lexus,True,Bird,Semi-Detached House,Private
763,29,Diploma,Information officer,9631,False,,False,,Bungalow,Private
764,20,Bachelor Degree,Speech and language therapist,14551,True,Mercedes,True,Cat,Landed Property,Private
765,35,PhD,Chiropractor,24809,True,Mercedes,True,Dog,Semi-Detached House,Private
766,46,Master Degree,Adult guidance worker,12594,False,,True,Fish,Terrace House,Private
767,36,Master Degree,"Designer, fashion/clothing",15944,True,Maserati,True,Dog,Condominium,Private
768,58,Bachelor Degree,Firefighter,18020,True,Lexus,False,,Semi-Detached House,Private
769,40,Vocational,Health physicist,14292,False,,True,Rabbit,Terrace House,Private
770,43,Vocational,"Accountant, chartered public finance",18537,True,Lexus,True,Cat,Bungalow,Private
771,49,PhD,"Scientist, biomedical",10223,True,Maserati,True,Fish,Bungalow,Private
772,27,Diploma,Interior and spatial designer,16882,True,BMW,False,,Bungalow,Private
773,50,Vocational,Risk manager,10275,True,Maserati,False,,Terrace House,Private
774,40,Bachelor Degree,"Designer, exhibition/display",24467,True,Maserati,True,Dog,Condominium,Private
775,37,Diploma,Exercise physiologist,15018,False,,False,,Condominium,Private
776,34,Diploma,Archivist,24999,True,Audi,True,Fish,Condominium,Private
777,39,PhD,Naval architect,16098,True,Ferrari,False,,Terrace House,Private
778,45,PhD,"Designer, fashion/clothing",18050,True,Ferrari,True,Rabbit,Semi-Detached House,Private
779,20,Diploma,"Therapist, speech and language",16434,True,Lamborghini,True,Rabbit,Condominium,Private
780,52,PhD,Prison officer,13069,True,Mercedes,True,Cat,Semi-Detached House,Private
781,26,Diploma,Chief Strategy Officer,19066,True,Mercedes,False,,Terrace House,Private
782,39,Vocational,"Engineer, land",19083,True,Lamborghini,True,Fish,Landed Property,Private
783,58,Diploma,Public relations account executive,19138,False,,False,,Bungalow,Private
784,20,Diploma,Chief Technology Officer,11407,False,,False,,Bungalow,Private
785,52,Master Degree,Investment analyst,12781,False,,True,Fish,Bungalow,Private
786,64,Bachelor Degree,General practice doctor,17987,True,Audi,False,,Bungalow,Private
787,25,Bachelor Degree,Surgeon,11288,True,Ferrari,True,Fish,Bungalow,Private
788,58,Diploma,Phytotherapist,9796,False,,False,,HDB,Public
789,60,Diploma,Senior tax professional/tax inspector,18691,True,Jaguar,True,Rabbit,Condominium,Private
790,55,Diploma,Automotive engineer,20637,True,Jaguar,True,Cat,Semi-Detached House,Private
791,43,Bachelor Degree,Press photographer,23889,True,Ferrari,True,Dog,Semi-Detached House,Private
792,32,Vocational,"Administrator, arts",5049,False,,True,Cat,HDB,Public
793,58,PhD,Financial risk analyst,16215,True,Ferrari,False,,Terrace House,Private
794,26,Secondary,"Engineer, energy",6545,False,,True,Guinea Pig,HDB,Public
795,24,Diploma,"Sound technician, broadcasting/film/video",17909,False,,False,,Semi-Detached House,Private
796,22,Bachelor Degree,Television floor manager,12669,False,,False,,Bungalow,Private
797,57,Vocational,Tourism officer,17739,True,Mercedes,True,Fish,Condominium,Private
798,24,Bachelor Degree,Glass blower/designer,18854,True,Ferrari,True,Cat,Bungalow,Private
799,22,Bachelor Degree,"Nurse, children's",9030,False,,False,,HDB,Public
800,62,Bachelor Degree,Marine scientist,12285,False,,False,,Semi-Detached House,Private
801,38,Diploma,Passenger transport manager,11844,True,Lexus,True,Bird,Bungalow,Private
802,45,Master Degree,"Designer, fashion/clothing",10138,True,Lexus,True,Cat,Landed Property,Private
803,22,Bachelor Degree,Chemical engineer,13559,False,,True,Fish,Bungalow,Private
804,61,PhD,Architect,18208,True,Mercedes,True,Fish,Semi-Detached House,Private
805,55,Diploma,Warehouse manager,16429,False,,False,,Landed Property,Private
806,46,Diploma,Audiological scientist,10543,True,BMW,True,Guinea Pig,Semi-Detached House,Private
807,24,Diploma,Chief Financial Officer,16128,True,Audi,True,Dog,Condominium,Private
808,52,Diploma,"Surveyor, land/geomatics",11426,False,,False,,Terrace House,Private
809,51,Bachelor Degree,Sports administrator,15962,True,Jaguar,True,Bird,Landed Property,Private
810,61,Master Degree,Automotive engineer,16885,True,Maserati,True,Dog,Landed Property,Private
811,24,Diploma,"Journalist, newspaper",10843,True,Maserati,True,Fish,Condominium,Private
812,27,Bachelor Degree,"Scientist, water quality",19869,False,,False,,Bungalow,Private
813,49,Master Degree,"Production designer, theatre/television/film",23784,True,Ferrari,True,Guinea Pig,Bungalow,Private
814,32,Vocational,Mental health nurse,11748,True,Ferrari,True,Cat,Landed Property,Private
815,27,Diploma,Social worker,9776,False,,False,,HDB,Public
816,28,Bachelor Degree,"Runner, broadcasting/film/video",14076,True,Jaguar,True,Fish,Condominium,Private
817,37,Master Degree,Restaurant manager,20477,False,,False,,Terrace House,Private
818,51,Bachelor Degree,Minerals surveyor,17323,True,Ferrari,False,,Terrace House,Private
819,62,Bachelor Degree,Immunologist,13283,True,Lamborghini,True,Dog,Terrace House,Private
820,26,Diploma,Visual merchandiser,12510,True,Jaguar,True,Dog,Terrace House,Private
821,33,Vocational,International aid/development worker,23074,True,Audi,True,Cat,Terrace House,Private
822,55,Vocational,Newspaper journalist,22166,True,Mercedes,False,,Condominium,Private
823,47,Vocational,Agricultural engineer,15413,True,Maserati,True,Fish,Semi-Detached House,Private
824,36,Vocational,"Engineer, site",9235,False,,False,,HDB,Public
825,59,Bachelor Degree,Local government officer,9181,True,Nissan,True,Dog,Semi-Detached House,Private
826,38,Bachelor Degree,Print production planner,15616,True,Ferrari,True,Fish,Condominium,Private
827,65,PhD,Media planner,16081,False,,False,,Bungalow,Private
828,45,PhD,"Sales professional, IT",21715,True,Infiniti,False,,Condominium,Private
829,60,Secondary,Materials engineer,6632,False,,False,,HDB,Public
830,65,Bachelor Degree,Forensic psychologist,19488,False,,False,,Terrace House,Private
831,32,Master Degree,"Engineer, electrical",18971,True,Lamborghini,True,Dog,Terrace House,Private
832,23,Secondary,Environmental consultant,4611,True,Infiniti,False,,HDB,Public
833,45,Master Degree,Cartographer,14391,True,Mercedes,False,,Landed Property,Private
834,61,Master Degree,Risk analyst,11252,True,BMW,True,Cat,Landed Property,Private
835,34,Vocational,Recruitment consultant,15535,True,Mercedes,False,,Bungalow,Private
836,55,Master Degree,Dancer,15963,True,BMW,True,Dog,Landed Property,Private
837,34,Master Degree,Television/film/video producer,18806,True,Ferrari,True,Dog,Landed Property,Private
838,56,Vocational,"Administrator, charities/voluntary organisations",9250,False,,False,,HDB,Public
839,65,Diploma,"Designer, jewellery",10548,True,Lexus,True,Cat,Condominium,Private
840,32,Secondary,"Engineer, production",5000,False,,False,,HDB,Public
841,34,Diploma,Electrical engineer,13911,True,Jaguar,True,Rabbit,Condominium,Private
842,50,Bachelor Degree,"Designer, furniture",16809,True,BMW,True,Cat,Condominium,Private
843,61,Master Degree,Product designer,13333,True,Maserati,True,Bird,Landed Property,Private
844,44,Vocational,"Accountant, chartered",20092,True,Maserati,True,Cat,Semi-Detached House,Private
845,21,Bachelor Degree,Orthoptist,17080,False,,True,Cat,Terrace House,Private
846,55,Master Degree,Mechanical engineer,12261,False,,True,Cat,Condominium,Private
847,25,Diploma,Building control surveyor,15747,True,Lamborghini,True,Cat,Condominium,Private
848,43,Secondary,Arts administrator,8851,False,,False,,HDB,Public
849,52,Master Degree,"Development worker, community",12018,True,Mercedes,False,,Terrace House,Private
850,25,Diploma,Actor,18489,True,Maserati,True,Cat,Semi-Detached House,Private
851,55,Master Degree,"Sales professional, IT",24670,True,Ferrari,False,,Terrace House,Private
852,48,Diploma,Horticultural consultant,18775,True,Lamborghini,False,,Semi-Detached House,Private
853,44,Bachelor Degree,Fisheries officer,19037,False,,False,,Terrace House,Private
854,25,Diploma,Therapeutic radiographer,15838,True,Mercedes,True,Fish,Bungalow,Private
855,31,PhD,Illustrator,10268,False,,False,,Semi-Detached House,Private
856,46,PhD,"Restaurant manager, fast food",18407,True,Lamborghini,True,Cat,Terrace House,Private
857,27,Diploma,Proofreader,9404,False,,False,,HDB,Public
858,24,Bachelor Degree,"Geologist, wellsite",16576,False,,False,,Landed Property,Private
859,35,Master Degree,Network engineer,23143,False,,False,,Semi-Detached House,Private
860,31,PhD,Associate Professor,11338,True,BMW,True,Cat,Terrace House,Private
861,54,Bachelor Degree,Logistics and distribution manager,10468,True,Ferrari,True,Cat,Landed Property,Private
862,33,Diploma,Arts development officer,11319,True,Lamborghini,True,Dog,Condominium,Private
863,56,Master Degree,Recruitment consultant,17985,True,Ferrari,True,Fish,Landed Property,Private
864,29,Diploma,Contractor,9274,False,,False,,HDB,Public
865,61,Bachelor Degree,Prison officer,15797,True,Jaguar,True,Cat,Bungalow,Private
866,56,Master Degree,Environmental health practitioner,16395,False,,False,,Bungalow,Private
867,52,Diploma,Horticultural consultant,21552,True,Ferrari,True,Fish,Terrace House,Private
868,54,Master Degree,"Physicist, medical",11596,True,BMW,True,Cat,Condominium,Private
869,34,Secondary,"Teacher, primary school",5056,True,Infiniti,False,,Condominium,Private
870,43,Bachelor Degree,Education administrator,20921,True,Mercedes,True,Fish,Landed Property,Private
871,49,Bachelor Degree,Estate agent,10900,True,Lamborghini,True,Dog,Semi-Detached House,Private
872,60,Bachelor Degree,Textile designer,12482,False,,True,Cat,Terrace House,Private
873,31,Vocational,Cabin crew,10625,True,Jaguar,True,Guinea Pig,Semi-Detached House,Private
874,20,Bachelor Degree,Occupational therapist,17257,False,,False,,Bungalow,Private
875,26,Diploma,Leisure centre manager,9297,False,,False,,Condominium,Private
876,43,Vocational,"Investment banker, operational",16458,True,BMW,True,Dog,Semi-Detached House,Private
877,64,Vocational,"Surveyor, mining",10741,True,Jaguar,True,Bird,Bungalow,Private
878,47,Master Degree,Automotive engineer,24290,True,Mercedes,False,,Landed Property,Private
879,63,Vocational,Equality and diversity officer,9440,False,,True,Dog,HDB,Public
880,52,Vocational,Fisheries officer,5012,False,,False,,HDB,Public
881,57,PhD,Geographical information systems officer,13578,True,Ferrari,True,Cat,Landed Property,Private
882,43,PhD,Curator,18558,False,,False,,Condominium,Private
883,34,PhD,Aid worker,22551,True,BMW,True,Dog,Semi-Detached House,Private
884,32,Bachelor Degree,Advertising art director,11185,False,,False,,Terrace House,Private
885,39,Bachelor Degree,Plant breeder/geneticist,20031,False,,True,Cat,Semi-Detached House,Private
886,53,Vocational,"Producer, radio",13940,False,,True,Fish,Landed Property,Private
887,64,Master Degree,Patent examiner,13354,True,BMW,False,,Terrace House,Private
888,47,PhD,Hydrologist,18035,True,Ferrari,False,,Terrace House,Private
889,51,Master Degree,"Scientist, product/process development",24530,True,BMW,True,Dog,Condominium,Private
890,55,Master Degree,Advice worker,20539,True,BMW,False,,Semi-Detached House,Private
891,41,Bachelor Degree,Operational researcher,12035,False,,False,,Landed Property,Private
892,32,Diploma,"Pharmacist, community",24070,True,Hyundai,True,Bird,Terrace House,Private
893,62,Secondary,"Scientist, biomedical",4987,False,,True,Bird,HDB,Public
894,31,PhD,Statistician,12717,True,Lexus,True,Cat,Landed Property,Private
895,36,Bachelor Degree,Astronomer,16634,False,,False,,Terrace House,Private
896,27,Diploma,"Surveyor, quantity",10030,True,Ferrari,True,Cat,Landed Property,Private
897,48,Vocational,Film/video editor,12912,True,Mercedes,True,Cat,Bungalow,Private
898,32,Master Degree,Immigration officer,16189,True,Audi,True,Fish,Condominium,Private
899,44,Diploma,Data processing manager,13048,True,BMW,True,Cat,Condominium,Private
900,27,Bachelor Degree,"Teacher, secondary school",10659,True,Honda,False,,Condominium,Private
901,27,Bachelor Degree,"Psychologist, forensic",17450,True,Jaguar,True,Fish,Landed Property,Private
902,32,Master Degree,Archaeologist,16344,True,Jaguar,True,Dog,Terrace House,Private
903,32,Bachelor Degree,Glass blower/designer,23350,False,,False,,Landed Property,Private
904,58,Master Degree,"Scientist, research (maths)",11736,False,,False,,Condominium,Private
905,57,Vocational,Camera operator,7196,False,,False,,HDB,Public
906,24,Bachelor Degree,Astronomer,9088,True,Infiniti,False,,HDB,Public
907,23,Diploma,Manufacturing systems engineer,15945,True,BMW,True,Dog,Condominium,Private
908,22,Diploma,Magazine journalist,11593,True,Ferrari,True,Cat,Bungalow,Private
909,40,Diploma,Animal nutritionist,16411,False,,False,,Semi-Detached House,Private
910,36,Primary,"Horticulturist, commercial",9500,False,,False,,HDB,Public
911,30,Bachelor Degree,Physiotherapist,24392,True,Mercedes,True,Cat,Bungalow,Private
912,64,Bachelor Degree,"Engineer, technical sales",16092,True,Mercedes,True,Dog,Condominium,Private
913,34,Vocational,Dance movement psychotherapist,21414,True,Audi,True,Bird,Semi-Detached House,Private
914,44,Diploma,Insurance underwriter,14695,True,Audi,True,Dog,Landed Property,Private
915,48,Bachelor Degree,"Development worker, international aid",15677,True,Mercedes,True,Fish,Condominium,Private
916,63,Vocational,Science writer,4908,False,,False,,HDB,Public
917,24,Bachelor Degree,"Horticulturist, amenity",18470,True,BMW,True,Cat,Bungalow,Private
918,58,Vocational,Electronics engineer,14338,True,Maserati,False,,Condominium,Private
919,43,Bachelor Degree,IT consultant,24263,False,,True,Dog,Semi-Detached House,Private
920,55,Bachelor Degree,Youth worker,13892,False,,True,Cat,Terrace House,Private
921,64,Bachelor Degree,Applications developer,13234,True,Audi,True,Fish,Semi-Detached House,Private
922,48,Diploma,Publishing copy,15980,False,,True,Dog,Terrace House,Private
923,42,Master Degree,"Loss adjuster, chartered",24109,True,Maserati,True,Cat,Terrace House,Private
924,56,Diploma,Electrical engineer,19791,True,Audi,True,Fish,Terrace House,Private
925,26,Bachelor Degree,"Programmer, applications",14403,True,Lamborghini,True,Guinea Pig,Condominium,Private
926,32,Master Degree,Historic buildings inspector/conservation officer,19190,False,,False,,Terrace House,Private
927,22,Primary,Graphic designer,5195,False,,False,,HDB,Public
928,51,Bachelor Degree,"Librarian, public",22684,True,Maserati,True,Cat,Semi-Detached House,Private
929,62,PhD,Probation officer,18221,True,Audi,True,Dog,Bungalow,Private
930,44,Master Degree,Tax inspector,24146,True,Maserati,False,,Semi-Detached House,Private
931,65,PhD,Hospital pharmacist,9064,False,,False,,HDB,Public
932,31,Diploma,Chief Technology Officer,15512,True,Lamborghini,True,Fish,Condominium,Private
933,39,Diploma,"Copywriter, advertising",10321,True,BMW,True,Dog,Semi-Detached House,Private
934,31,Master Degree,Computer games developer,15132,True,Jaguar,False,,Landed Property,Private
935,57,Bachelor Degree,Hydrogeologist,10513,True,Toyota,False,,Bungalow,Private
936,54,Primary,"Psychologist, forensic",5063,False,,False,,Terrace House,Private
937,35,Master Degree,Leisure centre manager,21285,True,Mercedes,True,Rabbit,Landed Property,Private
938,34,Primary,Professor Emeritus,5546,True,Hyundai,True,Rabbit,HDB,Public
939,24,Bachelor Degree,Retail buyer,13541,True,Lamborghini,False,,Bungalow,Private
940,28,Diploma,Management consultant,14698,True,Jaguar,True,Bird,Terrace House,Private
941,39,Diploma,Land/geomatics surveyor,23626,True,Lexus,True,Fish,Landed Property,Private
942,43,PhD,Recycling officer,12983,True,Lamborghini,True,Cat,Condominium,Private
943,58,Primary,Retail manager,4364,False,,False,,HDB,Public
944,40,Vocational,Make,13645,True,Lexus,False,,Landed Property,Private
945,60,Bachelor Degree,Associate Professor,8905,False,,True,Bird,HDB,Public
946,40,Diploma,"Radiographer, therapeutic",16973,True,Lamborghini,True,Fish,Condominium,Private
947,31,Master Degree,Emergency planning/management officer,19256,False,,False,,Condominium,Private
948,43,PhD,Barista,24712,True,Mercedes,True,Dog,Condominium,Private
949,51,Master Degree,Wellsite geologist,24380,True,BMW,True,Cat,Bungalow,Private
950,51,Secondary,Clinical molecular geneticist,8373,False,,False,,HDB,Public
951,63,PhD,"Social research officer, government",18669,False,,True,Dog,Condominium,Private
952,44,PhD,"Producer, radio",16445,True,Lexus,True,Cat,Landed Property,Private
953,23,Bachelor Degree,Fisheries officer,19344,True,Lexus,True,Cat,Terrace House,Private
954,44,Vocational,Applications developer,6824,False,,False,,HDB,Public
955,31,Diploma,Herpetologist,16489,True,Audi,True,Bird,Semi-Detached House,Private
956,48,Diploma,"Scientist, forensic",11622,True,Ferrari,True,Bird,Landed Property,Private
957,36,Bachelor Degree,Museum/gallery exhibitions officer,16911,True,Jaguar,True,Bird,Bungalow,Private
958,41,Master Degree,Museum/gallery curator,15329,True,BMW,True,Fish,Semi-Detached House,Private
959,49,PhD,IT technical support officer,23290,True,Lexus,True,Cat,Semi-Detached House,Private
960,29,Diploma,Human resources officer,14049,True,Lamborghini,True,Fish,Condominium,Private
961,46,Vocational,Information systems manager,24838,False,,False,,Terrace House,Private
962,65,PhD,Health promotion specialist,19711,True,BMW,False,,Semi-Detached House,Private
963,53,Bachelor Degree,Health service manager,14170,True,Audi,False,,Semi-Detached House,Private
964,63,PhD,Trading standards officer,12658,True,Jaguar,True,Cat,Condominium,Private
965,51,Bachelor Degree,Medical secretary,13380,False,,False,,Condominium,Private
966,46,Diploma,Human resources officer,23948,False,,False,,Landed Property,Private
967,54,Bachelor Degree,Equities trader,10121,False,,False,,Terrace House,Private
968,59,Vocational,Financial controller,8024,False,,False,,HDB,Public
969,27,Bachelor Degree,Art gallery manager,9610,False,,True,Cat,HDB,Public
970,41,Master Degree,"Social research officer, government",17873,True,Jaguar,True,Dog,Condominium,Private
971,36,Master Degree,"Chemist, analytical",19370,True,Maserati,False,,Terrace House,Private
972,39,Bachelor Degree,Colour technologist,21184,True,Maserati,False,,Landed Property,Private
973,22,Bachelor Degree,"Producer, radio",13796,True,Lamborghini,True,Fish,Semi-Detached House,Private
974,37,Master Degree,"Nurse, mental health",15535,True,Kia,False,,Bungalow,Private
975,45,Vocational,Further education lecturer,24964,False,,False,,Terrace House,Private
976,52,PhD,"Scientist, research (life sciences)",21878,True,Lexus,False,,Landed Property,Private
977,35,Bachelor Degree,Call centre manager,22472,True,Ferrari,True,Bird,Terrace House,Private
978,26,Bachelor Degree,"Production assistant, television",19320,False,,False,,Bungalow,Private
979,55,Vocational,Broadcast journalist,20310,False,,False,,Bungalow,Private
980,54,Master Degree,"Investment banker, operational",16056,True,Lamborghini,True,Cat,Landed Property,Private
981,32,Vocational,Medical secretary,11062,True,Maserati,True,Rabbit,Landed Property,Private
982,26,Diploma,"Teacher, special educational needs",15837,True,Lexus,True,Dog,Semi-Detached House,Private
983,36,Diploma,"Conservator, furniture",13929,False,,False,,Bungalow,Private
984,59,Bachelor Degree,Chartered legal executive (England and Wales),11757,False,,True,Cat,Condominium,Private
985,47,Vocational,Teaching laboratory technician,14447,True,BMW,True,Fish,Semi-Detached House,Private
986,42,Vocational,"Accountant, chartered public finance",23189,False,,False,,Condominium,Private
987,22,Diploma,"Restaurant manager, fast food",9250,False,,False,,HDB,Public
988,65,Diploma,Nutritional therapist,16389,True,Kia,False,,Bungalow,Private
989,53,Vocational,Dramatherapist,20209,True,Ferrari,True,Cat,Condominium,Private
990,53,Diploma,Paramedic,14969,True,Audi,True,Fish,Terrace House,Private
991,53,Master Degree,Arboriculturist,18853,True,Ferrari,True,Dog,Landed Property,Private
992,58,Vocational,Retail merchandiser,19370,True,Audi,True,Dog,Bungalow,Private
993,59,Vocational,Mining engineer,10156,True,BMW,True,Cat,Bungalow,Private
994,36,Diploma,"Civil engineer, consulting",24694,True,Maserati,False,,Semi-Detached House,Private
995,44,PhD,Counselling psychologist,11238,True,Lexus,False,,Semi-Detached House,Private
996,65,Vocational,Systems developer,9732,False,,False,,HDB,Public
997,64,Master Degree,"Optician, dispensing",15089,True,Lexus,True,Guinea Pig,Semi-Detached House,Private
998,24,Bachelor Degree,Local government officer,18659,True,Audi,True,Cat,Bungalow,Private
999,39,Secondary,Civil Service administrator,9446,False,,False,,HDB,Public
1000,24,Bachelor Degree,Best boy,11340,True,Lexus,True,Dog,Terrace House,Private
